{
    "mlp_weight": 0.45000000000000007,
    "dual_weight": 0.5499999999999999,
    "accuracy": 0.8891864747238032
}